;;Logradouro;;;;;;;
Localidade;Logradouro;CEP;Bairro;Tipo Codificação;Numero Inicial;Número Final;Trecho;Lado;Legendas
Guarabira;Área Rural;58204-899;Área Rural de Guarabira;;;;;;I = Trecho Inicial
Guarabira;Avenida Antônio Paulino Filho;58201-425;Areia Branca;Simples;;;;;M = Techo do Meio
Guarabira;Avenida Argentina;58204-630;Nações;Seccionamento;1;570;I;A;F = Trecho Final
Guarabira;Avenida Argentina;58204-672;Monte das Oliveiras;Seccionamento;571;9999;F;A;A = Ambos
Guarabira;Avenida Ariosto Uchoa Trocoli;58200-068;Centro;Simples;;;;;P = Par
Guarabira;Avenida Bolívia;58204-627;Nações;Simples;;;;;I = Impar (qunado na coluna J)
Guarabira;Avenida Brasil;58204-636;Nações;Simples;;;;;
Guarabira;Avenida Cacildes Toscano;58203-491;Nordeste I;Seccionamento;1;9999;T;I;
Guarabira;Avenida Deputado Osmar de Aquino;58200-102;Centro;Simples;;;;;
Guarabira;Avenida Dom Pedro II;58200-036;Centro;Simples;;;;;
Guarabira;Avenida Edward Rocha;58200-472;Novo;Simples;;;;;
Guarabira;Avenida Feliciano Batista de Amorim;58200-264;Juá;Seccionamento;4;1202;I;P;
Guarabira;Avenida Feliciano Batista de Amorim;58200-416;Novo;Seccionamento;3;1201;I;I;
Guarabira;Avenida Feliciano Batista de Amorim;58200-642;Sol Nascente;Seccionamento;1203;9999;F;I;
Guarabira;Avenida Feliciano Batista de Amorim;58204-710;Cidade Jardim;Seccionamento;1204;9998;F;P;
Guarabira;Avenida João Gomes Maranhão;58200-108;Centro;Simples;;;;;
Guarabira;Avenida José Agostinho de Meireles;58203-054;Clóvis Bezerra;Seccionamento;2;9998;T;P;
Guarabira;Avenida José Agostinho de Meireles;58203-072;Lucas Porpino;Seccionamento;2;9998;T;P;
Guarabira;Avenida José Agostinho de Meireles;58203-180;Assis Chateaubriand;Seccionamento;1;9999;T;I;
Guarabira;Avenida José Agostinho de Meireles;58203-481;Hidelbrando Matias;Seccionamento;1;9999;T;I;
Guarabira;Avenida José Agostinho de Meireles;58203-650;Residencial Jáder Pimentel;Seccionamento;1;9999;T;A;
Guarabira;Avenida Nossa Senhora da Luz;58203-036;Clóvis Bezerra;Seccionamento;1;509;I;A;
Guarabira;Avenida Nossa Senhora da Luz;58203-062;Lucas Porpino;Seccionamento;510;9999;F;A;
Guarabira;Avenida Otacílio Lira Cabral;58201-372;Rosário;Seccionamento;1;399;I;I;
Guarabira;Avenida Otacílio Lira Cabral;58201-410;Areia Branca;Seccionamento;2;300;I;P;
Guarabira;Avenida Otacílio Lira Cabral;58201-565;Osmar de Aquino;Seccionamento;300;2000;M;P;
Guarabira;Avenida Otacílio Lira Cabral;58201-840;Distrito Mecânico;Seccionamento;2000;3000;F;P;
Guarabira;Avenida Otacílio Lira Cabral;58201-850;Distrito Industrial;Seccionamento;2001;2099;F;I;
Guarabira;Avenida Otacílio Lira Cabral;58203-021;Clóvis Bezerra;Seccionamento;1259;2001;M;I;
Guarabira;Avenida Otacílio Lira Cabral;58203-190;Assis Chateaubriand;Seccionamento;701;1259;M;I;
Guarabira;Avenida Otacílio Lira Cabral;58203-210;São José;Seccionamento;301;699;M;I;
Guarabira;Avenida Padre Inácio de Almeida;58200-134;Centro;Simples;;;;;
Guarabira;Avenida Prefeito João Pimentel Filho;58200-115;Centro;Seccionamento;1;299;I;A;
Guarabira;Avenida Prefeito João Pimentel Filho;58200-245;Juá;Seccionamento;300;9999;F;A;
Guarabira;Avenida Presidente Juscelino Kubitschek de Oliveira;58200-070;Centro;Seccionamento;1;500;I;A;
Guarabira;Avenida Presidente Juscelino Kubitschek de Oliveira;58200-232;Juá;Seccionamento;501;9999;F;A;
Guarabira;Avenida Rui Barbosa;58200-130;Centro;Seccionamento;1;505;I;A;
Guarabira;Avenida Rui Barbosa;58201-120;Primavera;Seccionamento;507;9999;F;I;
Guarabira;Avenida Sabiniano Maia;58200-136;Centro;Seccionamento;1;800;T;A;
Guarabira;Avenida Sabiniano Maia;58200-392;Novo;Seccionamento;801;9999;T;A;
Guarabira;Praça Antonia de Souza Leal;58201-371;Rosário;Simples;;;;;
Guarabira;Praça Antônio Galdino Guedes;58200-030;Centro;Simples;;;;;
Guarabira;Praça Cristo Redentor;58200-422;Novo;Simples;;;;;
Guarabira;Praça da Juventude;58200-172;Santa Terezinha;Simples;;;;;
Guarabira;Praça Ferreira de Melo;58200-100;Centro;Simples;;;;;
Guarabira;Praça João Clementino dos Santos;58200-064;Centro;Simples;;;;;
Guarabira;Praça João Fidelis da Cruz;58201-381;Rosário;Simples;;;;;
Guarabira;Praça João Pessoa;58200-038;Centro;Simples;;;;;
Guarabira;Praça João Zezuino Gonçalo;58200-762;Alto da Boa Vista;Simples;;;;;
Guarabira;Praça Lima e Moura;58200-024;Centro;Simples;;;;;
Guarabira;Praça Maria do Carmo Torres Toscano;58203-320;Esplanada da Estação;Simples;;;;;
Guarabira;Praça Miguel Couto;58203-148;Assis Chateaubriand;Simples;;;;;
Guarabira;Praça Monsenhor Walfredo Leal;58200-016;Centro;Simples;;;;;
Guarabira;Praça Nossa Senhora da Luz;58200-008;Centro;Simples;;;;;
Guarabira;Praça Rosa Freire da Silva;58203-040;Clóvis Bezerra;Simples;;;;;
Guarabira;Praça Tota Miranda;58200-231;Juá;Simples;;;;;
Guarabira;Praça Vidal de Negreiros;58200-148;Centro;Simples;;;;;
Guarabira;Rua Abdon Paiva;58203-293;São José;Seccionamento;2;9998;I;P;
Guarabira;Rua Abdon Paiva;58203-314;Esplanada da Estação;Seccionamento;1;9999;I;I;
Guarabira;Rua Abel Alves do Nascimento;58204-666;Monte das Oliveiras;Simples;;;;;
Guarabira;Rua Adalberto Anacleto de Melo;58200-466;Novo;Simples;;;;;
Guarabira;Rua Adalberto Antônio de Lima;58200-186;Santa Terezinha;Simples;;;;;
Guarabira;Rua Adália Francelino da Costa;58200-260;Juá;Simples;;;;;
Guarabira;Rua Adélia de França;58200-322;Cordeiro;Simples;;;;;
Guarabira;Rua Adonias da Costa Fernandes;58200-456;Novo;Simples;;;;;
Guarabira;Rua Adonias Moreira da Silva;58203-505;Nordeste I;Simples;;;;;
Guarabira;Rua Afrânio Peixoto;58203-166;Assis Chateaubriand;Simples;;;;;
Guarabira;Rua Ailton Anacleto Gomes Junior;58201-174;Primavera;Simples;;;;;
Guarabira;Rua Alcides Carneiro;58203-008;Clotilde Coutinho;Simples;;;;;
Guarabira;Rua Alcides Coelho de Araújo;58201-706;Mutirão;Simples;;;;;
Guarabira;Rua Alcides Leite de Andrade;58200-639;Sol Nascente;Simples;;;;;
Guarabira;Rua Alfredo Fernandes da Costa;58200-450;Novo;Simples;;;;;
Guarabira;Rua Alípio Antônio de Souza;58201-428;Areia Branca;Simples;;;;;
Guarabira;Rua Almeida Barreto;58200-054;Centro;Simples;;;;;
Guarabira;Rua Amália Coelho;58200-094;Centro;Seccionamento;1;399;I;A;
Guarabira;Rua Amália Coelho;58200-240;Juá;Seccionamento;400;9998;F;A;
Guarabira;Rua Amaro Guedes;58203-404;Nordeste II;Simples;;;;;
Guarabira;Rua Américo Pinheiro de Brito;58201-572;Osmar de Aquino;Simples;;;;;
Guarabira;Rua Américo Soares;58204-621;Nações;Simples;;;;;
Guarabira;Rua Ana Araújo Brito;58200-004;Centro;Simples;;;;;
Guarabira;Rua Ana Batista de Bulhões;58201-189;Primavera;Simples;;;;;
Guarabira;Rua Ana Gomes;58203-529;Nordeste I;Simples;;;;;
Guarabira;Rua Ana Guedes Dantas;58200-060;Centro;Simples;;;;;
Guarabira;Rua Analice Santos do Nascimento;58200-258;Juá;Simples;;;;;
Guarabira;Rua Anísio Travassos;58200-304;Bela Vista;Simples;;;;;
Guarabira;Rua Antonieta Montenegro Mendes;58200-178;Santa Terezinha;Simples;;;;;
Guarabira;Rua Antônio Ailton Batista Ribeiro;58204-668;Monte das Oliveiras;Simples;;;;;
Guarabira;Rua Antônio Amaral Leite;58200-362;Cordeiro;Simples;;;;;
Guarabira;Rua Antônio André;58200-042;Centro;Simples;;;;;
Guarabira;Rua Antônio Basílio Alves;58203-478;Hidelbrando Matias;Simples;;;;;
Guarabira;Rua Antônio Bezerra;58200-196;Santa Terezinha;Simples;;;;;
Guarabira;Rua Antônio Bezerra;58203-156;Assis Chateaubriand;Simples;;;;;
Guarabira;Rua Antônio Carneiro da Silva;58204-664;Monte das Oliveiras;Simples;;;;;
Guarabira;Rua Antônio Cavalcante de Melo;58203-158;Assis Chateaubriand;Simples;;;;;
Guarabira;Rua Antônio da Cunha Uchoa;58200-066;Centro;Simples;;;;;
Guarabira;Rua Antônio de Freitas Albuquerque;58200-184;Santa Terezinha;Simples;;;;;
Guarabira;Rua Antônio de Freitas Albuquerque Filho;58200-464;Novo;Simples;;;;;
Guarabira;Rua Antônio de Oliveira;58204-674;Monte das Oliveiras;Simples;;;;;
Guarabira;Rua Antônio de Oliveira Moura;58201-560;Osmar de Aquino;Simples;;;;;
Guarabira;Rua Antônio Diogo;58200-412;Novo;Simples;;;;;
Guarabira;Rua Antônio Emiliano dos Santos;58203-299;São José;Simples;;;;;
Guarabira;Rua Antônio Ferreira de Lima;58200-630;Sol Nascente;Simples;;;;;
Guarabira;Rua Antônio Florentino da Costa Miranda;58200-244;Juá;Simples;;;;;
Guarabira;Rua Antônio Francisco dos Santos;58203-668;Residencial Jáder Pimentel;Simples;;;;;
Guarabira;Rua Antônio Gouveia da Silva;58200-444;Novo;Simples;;;;;
Guarabira;Rua Antônio Joaquim da Silva;58201-207;Primavera;Simples;;;;;
Guarabira;Rua Antônio Lemos;58204-712;Cidade Jardim;Simples;;;;;
Guarabira;Rua Antônio Mariano da Silva;58200-448;Novo;Simples;;;;;
Guarabira;Rua Antônio Nery;58201-378;Rosário;Simples;;;;;
Guarabira;Rua Antônio Sobreira;58200-296;Bela Vista;Simples;;;;;
Guarabira;Rua Antônio Victor;58203-230;São José;Simples;;;;;
Guarabira;Rua Aprígio da Costa Espínola;58200-612;Sol Nascente;Simples;;;;;
Guarabira;Rua Argemiro Soares de Souza;58203-448;Nordeste II;Seccionamento;1;199;I;A;
Guarabira;Rua Argemiro Soares de Souza;58203-466;Hidelbrando Matias;Seccionamento;200;9999;F;A;
Guarabira;Rua Ariano Suassuna;58203-014;Clotilde Coutinho;Simples;;;;;
Guarabira;Rua Aristides Soares de Oliveira;58203-132;Antônio de Freitas Araújo;Simples;;;;;
Guarabira;Rua Aristides Vilar;58203-176;Assis Chateaubriand;Simples;;;;;
Guarabira;Rua Arlindo Alves de Souza;58201-419;Areia Branca;Simples;;;;;
Guarabira;Rua Arnold Clementino de Souza;58203-136;Antônio de Freitas Araújo;Simples;;;;;
Guarabira;Rua Arnoud Clementino de Souza;58203-344;Nordeste II;Simples;;;;;
Guarabira;Rua Artur Pontes da Silva;58203-281;São José;Simples;;;;;
Guarabira;Rua Astrogildo Pontes da Silva;58203-034;Clóvis Bezerra;Simples;;;;;
Guarabira;Rua Augusto de Almeida;58200-114;Centro;Simples;;;;;
Guarabira;Rua Augusto de Almeida;58200-406;Novo;Simples;;;;;
Guarabira;Rua Augusto dos Anjos;58203-012;Clotilde Coutinho;Simples;;;;;
Guarabira;Rua Augusto dos Anjos;58203-162;Assis Chateaubriand;Simples;;;;;
Guarabira;Rua Augusto Paulino da Silva;58203-287;São José;Simples;;;;;
Guarabira;Rua Aurea Porpino dos Santos;58200-758;Alto da Boa Vista;Simples;;;;;
Guarabira;Rua Baltazar Mauricio dos Santos;58200-170;Santa Terezinha;Simples;;;;;
Guarabira;Rua Beco de Candeia;58200-044;Centro;Simples;;;;;
Guarabira;Rua Belmira Barbosa de Pontes;58200-440;Novo;Simples;;;;;
Guarabira;Rua Benedito Fernando da Silva;58200-354;Cordeiro;Simples;;;;;
Guarabira;Rua Benjamim Morais Frazao;58203-517;Nordeste I;Simples;;;;;
Guarabira;Rua Bianor Ramos do Amaral;58203-562;Nordeste I;Simples;;;;;
Guarabira;Rua Bila Alverga de Franca;58203-332;Esplanada da Estação;Simples;;;;;
Guarabira;Rua Bráulio Martins;58200-198;Santa Terezinha;Simples;;;;;
Guarabira;Rua Camilo de Holanda;58200-200;Santa Terezinha;Simples;;;;;
Guarabira;Rua Capitão Misael Balbino de Moura;58200-627;Sol Nascente;Simples;;;;;
Guarabira;Rua Carlos Chagas;58203-188;Assis Chateaubriand;Simples;;;;;
Guarabira;Rua Carlos Espinola;58203-493;Nordeste I;Simples;;;;;
Guarabira;Rua Carlos Gomes;58200-078;Centro;Simples;;;;;
Guarabira;Rua Carlos Moura;58201-578;Osmar de Aquino;Simples;;;;;
Guarabira;Rua Carmelia Guedes;58203-408;Nordeste II;Seccionamento;1;308;I;A;
Guarabira;Rua Carmelia Guedes;58203-535;Nordeste I;Seccionamento;309;9999;F;A;
Guarabira;Rua Celina Pinto;58203-490;Nordeste I;Simples;;;;;
Guarabira;Rua Celina Porpino;58204-675;Monte das Oliveiras;Simples;;;;;
Guarabira;Rua CÍcera Maria de Freitas;58201-705;Mutirão;Simples;;;;;
Guarabira;Rua Claudemir Teles Vieira;58201-156;Primavera;Simples;;;;;
Guarabira;Rua Clemente Pereira;58200-084;Centro;Simples;;;;;
Guarabira;Rua Cleodon Coelho;58200-388;Novo;Simples;;;;;
Guarabira;Rua Clotilde Coutinho de Souza;58203-130;Antônio de Freitas Araújo;Simples;;;;;
Guarabira;Rua Colômbia;58204-633;Nações;Simples;;;;;
Guarabira;Rua Cônego Matias Freire;58200-326;Cordeiro;Simples;;;;;
Guarabira;Rua Cônego Vicente Pimentel;58200-010;Centro;Simples;;;;;
Guarabira;Rua Coronel Francisco Dias;58200-235;Juá;Simples;;;;;
Guarabira;Rua Coronel João Pimentel;58200-138;Centro;Simples;;;;;
Guarabira;Rua Coronel João Pimentel;58200-238;Juá;Simples;;;;;
Guarabira;Rua Coronel José Mauricio da Costa;58203-203;São José;Simples;;;;;
Guarabira;Rua Cosme Amaro de Souza;58200-476;Novo;Simples;;;;;
Guarabira;Rua Cosme Marcelino da Silva;58201-716;Mutirão;Simples;;;;;
Guarabira;Rua Cosme Marcolino da Silva;58200-325;Cordeiro;Simples;;;;;
Guarabira;Rua Costa Beiriz;58200-096;Centro;Simples;;;;;
Guarabira;Rua Creuza Clementino da Silva;58201-333;João Cassimiro;Simples;;;;;
Guarabira;Rua da Saudade;58200-206;Santa Terezinha;Simples;;;;;
Guarabira;Rua Dario de Souza Santana;58203-074;Lucas Porpino;Simples;;;;;
Guarabira;Rua Davi da Silva Felix;58200-651;Sol Nascente;Simples;;;;;
Guarabira;Rua Delfino Cosme;58203-523;Nordeste I;Simples;;;;;
Guarabira;Rua Deodoro da Fonseca;58200-062;Centro;Simples;;;;;
Guarabira;Rua Desembargador Pedro Bandeira;58201-366;Rosário;Seccionamento;568;9998;F;P;
Guarabira;Rua Desembargador Pedro Bandeira;58203-227;São José;Seccionamento;1;566;I;A;
Guarabira;Rua Desembargador Pedro Bandeira;58203-228;São José;Seccionamento;567;9999;F;I;
Guarabira;Rua Desportista João Salustiano Bezerra;58200-162;Santa Terezinha;Simples;;;;;
Guarabira;Rua Diógenes de Aquino Bastos;58203-580;Nordeste I;Simples;;;;;
Guarabira;Rua Dom Marcelo Pinto Carvalheira;58200-458;Novo;Simples;;;;;
Guarabira;Rua Domingos Goncalves de Figueiredo;58200-588;Sol Nascente;Simples;;;;;
Guarabira;Rua Dorinha Sampaio;58203-284;São José;Seccionamento;80;9999;F;A;
Guarabira;Rua Dorinha Sampaio;58203-312;Esplanada da Estação;Seccionamento;1;79;I;A;
Guarabira;Rua Doutor João de Sá e Benevides;58200-380;Novo;Simples;;;;;
Guarabira;Rua Doutor José Tavares;58201-004;Dona Adália;Simples;;;;;
Guarabira;Rua Doutor Lindonor Pires de Almeida;58201-416;Areia Branca;Simples;;;;;
Guarabira;Rua Doutor Melo;58200-330;Cordeiro;Simples;;;;;
Guarabira;Rua Doutor Nunes Filho;58200-286;Bela Vista;Simples;;;;;
Guarabira;Rua Doutor Paulo Cleto;58201-012;Dona Adália;Simples;;;;;
Guarabira;Rua Doutor Sales;58200-048;Centro;Simples;;;;;
Guarabira;Rua Doutor Tire;58200-332;Cordeiro;Simples;;;;;
Guarabira;Rua Doutor Waldemar Farias;58203-322;Esplanada da Estação;Simples;;;;;
Guarabira;Rua Durval Alves de Moura;58200-778;Alto da Boa Vista;Simples;;;;;
Guarabira;Rua Durval de Almeida;58203-146;Assis Chateaubriand;Simples;;;;;
Guarabira;Rua Edith Valentin da Costa;58201-153;Primavera;Simples;;;;;
Guarabira;Rua Edmar Fernandes de Melo;58203-364;Nordeste II;Simples;;;;;
Guarabira;Rua Edson Cardoso;58200-268;Juá;Simples;;;;;
Guarabira;Rua Edson Montenegro da Cunha;58201-581;Osmar de Aquino;Simples;;;;;
Guarabira;Rua Edson Rodrigues da Silva;58200-334;Cordeiro;Simples;;;;;
Guarabira;Rua Edvardo Toscano de Oliveira;58200-282;Bela Vista;Simples;;;;;
Guarabira;Rua Eliezer Henrique de Bulhões;58201-186;Primavera;Simples;;;;;
Guarabira;Rua Elisa Barbosa da Costa;58201-132;Primavera;Simples;;;;;
Guarabira;Rua Elói Pereira;58201-374;Rosário;Simples;;;;;
Guarabira;Rua Elvira Marques Pereira;58203-380;Nordeste II;Simples;;;;;
Guarabira;Rua Emerson Lucas Claudino Oliveira;58201-580;Osmar de Aquino;Simples;;;;;
Guarabira;Rua Emídio Brasiliano da Costa;58203-150;Assis Chateaubriand;Simples;;;;;
Guarabira;Rua Emília Barbosa dos Santos;58200-394;Novo;Simples;;;;;
Guarabira;Rua Engenheiro Normando Gomes;58201-180;Primavera;Simples;;;;;
Guarabira;Rua Epitácio Pessoa;58200-032;Centro;Simples;;;;;
Guarabira;Rua Equador;58204-648;Nações;Simples;;;;;
Guarabira;Rua Ernani Pedrosa Miranda;58201-712;Mutirão;Simples;;;;;
Guarabira;Rua Ernestina Bezerra de Carvalho;58200-290;Bela Vista;Simples;;;;;
Guarabira;Rua Estudante Paulo Roberto Barbosa Silveira;58203-026;Clóvis Bezerra;Simples;;;;;
Guarabira;Rua Estudante Pierre Marinho da Costa;58203-032;Clóvis Bezerra;Simples;;;;;
Guarabira;Rua Estudante Renato Alves de Oliveira Junior;58200-122;Centro;Simples;;;;;
Guarabira;Rua Euclides Galdino dos Santos;58200-386;Novo;Simples;;;;;
Guarabira;Rua Euclides Gilau;58200-294;Bela Vista;Simples;;;;;
Guarabira;Rua Eugenio Maia de Carvalho;58200-402;Novo;Simples;;;;;
Guarabira;Rua Eulália Cavalcanti de Macedo;58200-594;Sol Nascente;Simples;;;;;
Guarabira;Rua Eulina de Almeida;58200-418;Novo;Simples;;;;;
Guarabira;Rua Eurídice Lucena Barbosa Martins;58200-621;Sol Nascente;Simples;;;;;
Guarabira;Rua Eutalia Bezerra de Carvalho;58203-583;Nordeste I;Simples;;;;;
Guarabira;Rua Evilmerodak dos Santos;58201-710;Mutirão;Simples;;;;;
Guarabira;Rua Fagundes Rodrigues da Silva;58201-219;Primavera;Simples;;;;;
Guarabira;Rua Felinto Cavalcante;58203-334;Esplanada da Estação;Simples;;;;;
Guarabira;Rua Felizmina Fernandes;58201-732;Mutirão;Simples;;;;;
Guarabira;Rua Fernando Lacerda Coelho Pereira;58200-772;Alto da Boa Vista;Simples;;;;;
Guarabira;Rua Filomena Cavalcante;58201-400;Rosário;Simples;;;;;
Guarabira;Rua Floriano Peixoto;58200-116;Centro;Simples;;;;;
Guarabira;Rua Francisca Teixeira Alves;58203-251;São José;Simples;;;;;
Guarabira;Rua Francisco Alves de Andrade;58204-692;Nossa Senhora Aparecida;Simples;;;;;
Guarabira;Rua Francisco Batista dos Santos;58203-574;Nordeste I;Simples;;;;;
Guarabira;Rua Francisco Camilo Pereira;58200-428;Novo;Simples;;;;;
Guarabira;Rua Francisco Clementino de Oliveira;58200-338;Cordeiro;Simples;;;;;
Guarabira;Rua Francisco Costa de Carvalho;58204-665;Monte das Oliveiras;Simples;;;;;
Guarabira;Rua Francisco de Assis Nobrega de Oliveira;58203-224;São José;Simples;;;;;
Guarabira;Rua Francisco de Assis Pereira;58203-475;Hidelbrando Matias;Simples;;;;;
Guarabira;Rua Francisco Ferreira Damiao;58200-236;Juá;Simples;;;;;
Guarabira;Rua Francisco Francelino de Souza;58203-236;São José;Simples;;;;;
Guarabira;Rua Francisco Gila;58201-162;Primavera;Simples;;;;;
Guarabira;Rua Francisco Pereira;58201-171;Primavera;Simples;;;;;
Guarabira;Rua Francisco Pimentel da Cunha;58203-376;Nordeste II;Simples;;;;;
Guarabira;Rua Francisco Rodrigues de Souza;58200-579;Sol Nascente;Simples;;;;;
Guarabira;Rua Frei Damiao de Bozzano;58203-296;São José;Simples;;;;;
Guarabira;Rua Garibaldi Correia de Sales;58200-478;Novo;Simples;;;;;
Guarabira;Rua Gení Bezerra dos Santos;58200-222;Santa Terezinha;Simples;;;;;
Guarabira;Rua Genival Braga da Silva;58203-305;São José;Simples;;;;;
Guarabira;Rua Genival Marques Pereira;58200-468;Novo;Simples;;;;;
Guarabira;Rua Geovani Muniz dos Santos;58200-128;Centro;Simples;;;;;
Guarabira;Rua Geraldo Barbosa;58200-645;Sol Nascente;Simples;;;;;
Guarabira;Rua Geraldo Barbosa da Silva;58203-174;Assis Chateaubriand;Simples;;;;;
Guarabira;Rua Getúlio Vargas;58200-001;Centro;Simples;;;;;
Guarabira;Rua Gilvan Camilo Pereira;58203-215;São José;Simples;;;;;
Guarabira;Rua Gilzeline Ayres da Silva;58201-595;Osmar de Aquino;Simples;;;;;
Guarabira;Rua Governador Ivan Bichara Sobreira;58201-449;Areia Branca;Simples;;;;;
Guarabira;Rua Helena de Lucena Barbosa;58200-600;Sol Nascente;Simples;;;;;
Guarabira;Rua Heloisa Araújo de Lima;58200-754;Alto da Boa Vista;Simples;;;;;
Guarabira;Rua Henrique Pacifico da Fonseca;58200-310;Bela Vista;Seccionamento;2;9998;I;P;
Guarabira;Rua Henrique Pacifico da Fonseca;58201-192;Primavera;Seccionamento;1;9999;I;I;
Guarabira;Rua Heráclito de Lucena;58203-318;Esplanada da Estação;Simples;;;;;
Guarabira;Rua Hermenegildo Cunha;58203-388;Nordeste II;Simples;;;;;
Guarabira;Rua Hermenegildo de Almeida;58203-269;São José;Simples;;;;;
Guarabira;Rua Hermenegildo Ribeiro Gomes;58203-260;São José;Simples;;;;;
Guarabira;Rua Heronides Henriques Bulhoes;58203-420;Nordeste II;Simples;;;;;
Guarabira;Rua Heronides Ramalho de Sousa;58200-086;Centro;Simples;;;;;
Guarabira;Rua Herotides Porpino Matos;58203-028;Clóvis Bezerra;Simples;;;;;
Guarabira;Rua Hidelbrando Matias;58203-589;Nordeste I;Simples;;;;;
Guarabira;Rua Hipólito Paiva;58203-068;Lucas Porpino;Simples;;;;;
Guarabira;Rua Honorato Araujo Filho;58203-428;Nordeste II;Simples;;;;;
Guarabira;Rua Humberto Pinto Aranha;58203-577;Nordeste I;Simples;;;;;
Guarabira;Rua Inacio Felix de Sousa;58203-024;Clóvis Bezerra;Simples;;;;;
Guarabira;Rua Inácio José Batista;58204-671;Monte das Oliveiras;Simples;;;;;
Guarabira;Rua Inês Antônia da Silva;58201-208;Primavera;Simples;;;;;
Guarabira;Rua Inês de Bulhões Rodrigues;58201-201;Primavera;Simples;;;;;
Guarabira;Rua Inês Maria Espínola Anísio;58200-648;Sol Nascente;Simples;;;;;
Guarabira;Rua Inês Sales de Franca;58201-000;Dona Adália;Simples;;;;;
Guarabira;Rua Inocêncio Costa da Silva;58201-886;Distrito Industrial;Simples;;;;;
Guarabira;Rua Iracema da Silva Sátiro;58201-014;Dona Adália;Simples;;;;;
Guarabira;Rua Iracy Cavalcante de Souza;58201-413;Areia Branca;Simples;;;;;
Guarabira;Rua Irene Fernandes;58200-182;Santa Terezinha;Simples;;;;;
Guarabira;Rua Isabel dos Anjos;58201-382;Rosário;Simples;;;;;
Guarabira;Rua Isaias Gouveia da Silva;58203-212;São José;Simples;;;;;
Guarabira;Rua Ivanildo Camilo de Moura;58204-684;Nossa Senhora Aparecida;Simples;;;;;
Guarabira;Rua Ivanilton de Freitas Albuquerque;58203-134;Antônio de Freitas Araújo;Simples;;;;;
Guarabira;Rua Ivomar Justino Moreira;58201-336;João Cassimiro;Seccionamento;1;230;I;A;
Guarabira;Rua Ivomar Justino Moreira;58201-368;Rosário;Seccionamento;231;9999;F;A;
Guarabira;Rua Jarde Alverga da Fonseca;58201-862;Distrito Industrial;Simples;;;;;
Guarabira;Rua Jhonanttan Damascena dos Santos;58203-048;Clóvis Bezerra;Simples;;;;;
Guarabira;Rua João Alves de Oliveira;58200-342;Cordeiro;Simples;;;;;
Guarabira;Rua João Alves Pereira Lima;58203-044;Clóvis Bezerra;Simples;;;;;
Guarabira;Rua João Bandeira Pequeno;58201-384;Rosário;Simples;;;;;
Guarabira;Rua João Batista Amorim;58200-140;Centro;Simples;;;;;
Guarabira;Rua João Batista dos Santos;58203-030;Clóvis Bezerra;Simples;;;;;
Guarabira;Rua João Batista Galvão;58203-050;Clóvis Bezerra;Simples;;;;;
Guarabira;Rua João Bezerra da Silva;58201-342;João Cassimiro;Simples;;;;;
Guarabira;Rua João Bosco Soares;58203-460;Hidelbrando Matias;Simples;;;;;
Guarabira;Rua João de Farias Pimentel Filho;58200-250;Juá;Simples;;;;;
Guarabira;Rua João de Souza Carneiro;58201-138;Primavera;Simples;;;;;
Guarabira;Rua João Francelino;58203-511;Nordeste I;Simples;;;;;
Guarabira;Rua João Francisco da Silva;58200-336;Cordeiro;Simples;;;;;
Guarabira;Rua João Gomes da Silva;58200-445;Novo;Simples;;;;;
Guarabira;Rua João Gregório;58200-408;Novo;Simples;;;;;
Guarabira;Rua João Henrique do Nascimento;58200-573;Sol Nascente;Simples;;;;;
Guarabira;Rua João Irineu de Franca;58203-565;Nordeste I;Simples;;;;;
Guarabira;Rua João Leitão Vieira de Melo;58201-566;Osmar de Aquino;Simples;;;;;
Guarabira;Rua João Lordao;58203-360;Nordeste II;Simples;;;;;
Guarabira;Rua joão Mendes da Silva;58203-659;Residencial Jáder Pimentel;Simples;;;;;
Guarabira;Rua João Milanez;58201-388;Rosário;Simples;;;;;
Guarabira;Rua João Narciso do Nascimento;58200-124;Centro;Simples;;;;;
Guarabira;Rua João Pacheco;58203-352;Nordeste II;Simples;;;;;
Guarabira;Rua João Travassos de Queiroz;58200-072;Centro;Simples;;;;;
Guarabira;Rua JoãoTargino de Araújo;58203-006;Clotilde Coutinho;Simples;;;;;
Guarabira;Rua Joaquim Alves;58203-508;Nordeste I;Simples;;;;;
Guarabira;Rua Joaquim Braz Pereira;58200-308;Bela Vista;Simples;;;;;
Guarabira;Rua Joaquim Francisco de Amorim;58201-147;Primavera;Simples;;;;;
Guarabira;Rua Joaquim Manoel de Paiva;58201-141;Primavera;Simples;;;;;
Guarabira;Rua Joca Ataíde;58200-414;Novo;Simples;;;;;
Guarabira;Rua Joca Benedito;58203-052;Clóvis Bezerra;Simples;;;;;
Guarabira;Rua Joca Carteiro;58200-160;Santa Terezinha;Simples;;;;;
Guarabira;Rua Joel Pinheiro;58201-330;João Cassimiro;Seccionamento;1;9999;T;A;
Guarabira;Rua Joel Pinheiro;58201-360;Rosário;Seccionamento;1;9999;T;A;
Guarabira;Rua John Kennedy;58200-436;Novo;Simples;;;;;
Guarabira;Rua Jorge Francisco da Costa;58204-700;Nossa Senhora Aparecida;Simples;;;;;
Guarabira;Rua José Alvares Trigueiro;58200-112;Centro;Seccionamento;1;531;I;A;
Guarabira;Rua José Alvares Trigueiro;58200-396;Novo;Seccionamento;532;9999;F;A;
Guarabira;Rua José Alves dos Santos;58200-328;Cordeiro;Simples;;;;;
Guarabira;Rua José Americo de Almeida;58203-424;Nordeste II;Simples;;;;;
Guarabira;Rua José Américo de Almeida;58200-050;Centro;Simples;;;;;
Guarabira;Rua José Augusto Serafim;58204-696;Nossa Senhora Aparecida;Simples;;;;;
Guarabira;Rua José Batista;58201-726;Mutirão;Simples;;;;;
Guarabira;Rua José Bonifácio;58200-230;Juá;Simples;;;;;
Guarabira;Rua José Carlos Silva;58203-432;Nordeste II;Simples;;;;;
Guarabira;Rua José Celestino da Silva;58203-278;São José;Simples;;;;;
Guarabira;Rua José Clementino;58203-601;Nordeste I;Simples;;;;;
Guarabira;Rua José da Costa Cunha;58201-722;Mutirão;Simples;;;;;
Guarabira;Rua José da Cunha Rego;58200-120;Centro;Seccionamento;300;499;M;A;
Guarabira;Rua José da Cunha Rego;58200-270;Juá;Seccionamento;1;299;I;A;
Guarabira;Rua José da Cunha Rego;58200-410;Novo;Seccionamento;500;9999;F;A;
Guarabira;Rua José de Oliveira Madruga;58203-245;São José;Simples;;;;;
Guarabira;Rua José do Patrocínio Mariz Pordeus;58203-592;Nordeste I;Simples;;;;;
Guarabira;Rua José Epaminondas;58200-395;Novo;Simples;;;;;
Guarabira;Rua José Florentino de Andrade;58201-704;Mutirão;Simples;;;;;
Guarabira;Rua José Francisco da Silva;58200-356;Cordeiro;Simples;;;;;
Guarabira;Rua José Francisco de Aguiar;58201-016;Dona Adália;Simples;;;;;
Guarabira;Rua José Galdino de Souza;58203-221;São José;Simples;;;;;
Guarabira;Rua José Geraldo de Lucena;58201-868;Distrito Industrial;Simples;;;;;
Guarabira;Rua José Gilau;58201-018;Dona Adália;Simples;;;;;
Guarabira;Rua José Ginaldo da Silva;58200-764;Alto da Boa Vista;Simples;;;;;
Guarabira;Rua José Gomes de Melo;58201-010;Dona Adália;Simples;;;;;
Guarabira;Rua José Guedes Dantas;58200-233;Juá;Simples;;;;;
Guarabira;Rua José Henrique de Bulhões;58201-168;Primavera;Simples;;;;;
Guarabira;Rua José Joaquim da Silva;58201-144;Primavera;Simples;;;;;
Guarabira;Rua José Luís de Souza;58200-358;Cordeiro;Simples;;;;;
Guarabira;Rua José Madruga;58203-184;Assis Chateaubriand;Simples;;;;;
Guarabira;Rua José Manoel Ferreira;58200-370;Cordeiro;Simples;;;;;
Guarabira;Rua José Maria Espínola;58200-657;Sol Nascente;Simples;;;;;
Guarabira;Rua José Nilton Marques Leite;58200-474;Novo;Simples;;;;;
Guarabira;Rua José Paulo da Silveira;58203-218;São José;Simples;;;;;
Guarabira;Rua José Pequeno de Moura;58200-446;Novo;Simples;;;;;
Guarabira;Rua José Pereira da Silva;58203-239;São José;Simples;;;;;
Guarabira;Rua José Pereira Lopes;58203-653;Residencial Jáder Pimentel;Simples;;;;;
Guarabira;Rua José Ribeiro de Souza;58203-452;Nordeste II;Seccionamento;1;120;I;A;
Guarabira;Rua José Ribeiro de Souza;58203-469;Hidelbrando Matias;Seccionamento;121;9999;F;A;
Guarabira;Rua José Rocha;58200-164;Santa Terezinha;Simples;;;;;
Guarabira;Rua José Vieira do Nascimento;58203-416;Nordeste II;Simples;;;;;
Guarabira;Rua Josiniel Rodrigues Batista;58200-570;Sol Nascente;Simples;;;;;
Guarabira;Rua Josué Pimentel;58200-280;Bela Vista;Simples;;;;;
Guarabira;Rua Joventina Silvestre da Silva;58200-202;Santa Terezinha;Simples;;;;;
Guarabira;Rua Juarez de Brito Junior;58201-880;Distrito Industrial;Simples;;;;;
Guarabira;Rua Julia de Lucena Oliveira;58200-452;Novo;Simples;;;;;
Guarabira;Rua Julieta Arnaud dos Santos;58204-679;Monte das Oliveiras;Simples;;;;;
Guarabira;Rua Karla dos Santos Cruz de Freitas;58203-025;Clóvis Bezerra;Simples;;;;;
Guarabira;Rua Kerginaldo Firmino dos Santos Júnior;58203-171;Assis Chateaubriand;Simples;;;;;
Guarabira;Rua Leonardo Soares da Silva;58201-570;Osmar de Aquino;Simples;;;;;
Guarabira;Rua Leonel Ferraz;58200-142;Centro;Simples;;;;;
Guarabira;Rua Lídia Costa S Carlos;58201-720;Mutirão;Simples;;;;;
Guarabira;Rua Lodonio Rodrigues de Bulhões;58200-346;Cordeiro;Seccionamento;1;9999;I;I;
Guarabira;Rua Lodonio Rodrigues de Bulhões;58201-008;Dona Adália;Seccionamento;1040;9998;F;P;
Guarabira;Rua Lodonio Rodrigues de Bulhões;58201-204;Primavera;Seccionamento;2;1038;I;P;
Guarabira;Rua Luís Clementino dos Santos;58200-470;Novo;Simples;;;;;
Guarabira;Rua Luís Peixoto Ramos;58203-004;Clotilde Coutinho;Simples;;;;;
Guarabira;Rua Luiz Augusto Ferreira;58200-360;Cordeiro;Simples;;;;;
Guarabira;Rua Luiz Bento Marinho;58200-214;Santa Terezinha;Simples;;;;;
Guarabira;Rua Luiz de Franca Camboim;58200-624;Sol Nascente;Simples;;;;;
Guarabira;Rua Luiz Galvão;58200-420;Novo;Simples;;;;;
Guarabira;Rua Luiz José de Oliveira;58200-432;Novo;Simples;;;;;
Guarabira;Rua Luiz Porpino da Silva;58201-431;Areia Branca;Seccionamento;2;9998;I;P;
Guarabira;Rua Luiz Porpino da Silva;58201-563;Osmar de Aquino;Seccionamento;1;9999;I;I;
Guarabira;Rua Lustosa da Costa;58203-002;Clotilde Coutinho;Simples;;;;;
Guarabira;Rua Manoel Amâncio;58201-564;Osmar de Aquino;Simples;;;;;
Guarabira;Rua Manoel Benedito;58200-302;Bela Vista;Simples;;;;;
Guarabira;Rua Manoel Campelo;58203-152;Assis Chateaubriand;Simples;;;;;
Guarabira;Rua Manoel Carlos da Silva;58201-587;Osmar de Aquino;Seccionamento;1;1300;I;A;
Guarabira;Rua Manoel Carlos da Silva;58201-700;Mutirão;Seccionamento;1301;9999;F;A;
Guarabira;Rua Manoel Cassimiro da Silva;58201-339;João Cassimiro;Simples;;;;;
Guarabira;Rua Manoel Celeiro;58200-324;Cordeiro;Simples;;;;;
Guarabira;Rua Manoel Chico;58200-300;Bela Vista;Simples;;;;;
Guarabira;Rua Manoel de Lima Bezerra;58201-874;Distrito Industrial;Simples;;;;;
Guarabira;Rua Manoel de Oliveira;58203-290;São José;Simples;;;;;
Guarabira;Rua Manoel Fernandes da Silva;58203-324;Esplanada da Estação;Simples;;;;;
Guarabira;Rua Manoel Ferreira da Silva;58203-138;Antônio de Freitas Araújo;Simples;;;;;
Guarabira;Rua Manoel Ferreira de Barros;58200-430;Novo;Simples;;;;;
Guarabira;Rua Manoel Francelino;58200-274;Juá;Simples;;;;;
Guarabira;Rua Manoel Francisco Barbosa;58200-633;Sol Nascente;Simples;;;;;
Guarabira;Rua Manoel Francisco do Nascimento;58203-436;Nordeste II;Simples;;;;;
Guarabira;Rua Manoel Francisco dos Santos;58200-597;Sol Nascente;Simples;;;;;
Guarabira;Rua Manoel Freitas Pessoa;58200-390;Novo;Simples;;;;;
Guarabira;Rua Manoel Jeronimo de Melo;58200-292;Bela Vista;Simples;;;;;
Guarabira;Rua Manoel José dos Santos;58200-442;Novo;Simples;;;;;
Guarabira;Rua Manoel Matias da Silva;58203-463;Hidelbrando Matias;Simples;;;;;
Guarabira;Rua Manoel Paulo da Silva;58203-064;Lucas Porpino;Simples;;;;;
Guarabira;Rua Manoel Pereira de Fontes;58200-364;Cordeiro;Simples;;;;;
Guarabira;Rua Manoel Ramiro;58201-376;Rosário;Simples;;;;;
Guarabira;Rua Manoel Rodrigues da Silva;58201-006;Dona Adália;Simples;;;;;
Guarabira;Rua Manoel Severino;58203-372;Nordeste II;Simples;;;;;
Guarabira;Rua Manoel Tomaz de Freitas;58200-784;Alto da Boa Vista;Simples;;;;;
Guarabira;Rua Manoel Valentim da Silva;58203-316;Esplanada da Estação;Simples;;;;;
Guarabira;Rua Manoel Vicente de Figueiredo;58203-674;Residencial Jáder Pimentel;Simples;;;;;
Guarabira;Rua Manu Menezes;58203-326;Esplanada da Estação;Simples;;;;;
Guarabira;Rua Marcelo de Aquino;58200-006;Centro;Simples;;;;;
Guarabira;Rua Marcelo Fabio Ferreira Bernardino;58200-234;Juá;Simples;;;;;
Guarabira;Rua Marcelo Soares de Lima;58200-766;Alto da Boa Vista;Simples;;;;;
Guarabira;Rua Marcos Francisco Serafim;58201-718;Mutirão;Simples;;;;;
Guarabira;Rua Margarida Maria Alves;58200-018;Centro;Simples;;;;;
Guarabira;Rua Maria Carlos de Lima;58203-015;Clotilde Coutinho;Simples;;;;;
Guarabira;Rua Maria Celia Ferreira Santos;58200-576;Sol Nascente;Simples;;;;;
Guarabira;Rua Maria da Penha Costa;58201-582;Osmar de Aquino;Simples;;;;;
Guarabira;Rua Maria da Silva Santos;58200-088;Centro;Simples;;;;;
Guarabira;Rua Maria das Dores de Oliveira Lima;58201-584;Osmar de Aquino;Simples;;;;;
Guarabira;Rua Maria das Neves Costa;58201-362;Rosário;Simples;;;;;
Guarabira;Rua Maria de Fatima Andrade dos Santos;58203-496;Nordeste I;Simples;;;;;
Guarabira;Rua Maria de Fatima Ribeiro;58201-708;Mutirão;Simples;;;;;
Guarabira;Rua Maria de Lourdes Barbosa de Paiva;58201-135;Primavera;Simples;;;;;
Guarabira;Rua Maria de Lourdes Medeiros;58200-080;Centro;Simples;;;;;
Guarabira;Rua Maria de Souza Silva Ferreira;58201-714;Mutirão;Simples;;;;;
Guarabira;Rua Maria do Carmo Bezerra dos Anjos;58201-417;Areia Branca;Simples;;;;;
Guarabira;Rua Maria do Carmo do Nascimento;58200-454;Novo;Simples;;;;;
Guarabira;Rua Maria do Carmo Galvão de Bulhões;58200-254;Juá;Simples;;;;;
Guarabira;Rua Maria do Carmo Moura de Bulhões;58201-225;Primavera;Simples;;;;;
Guarabira;Rua Maria José Espínola;58200-585;Sol Nascente;Simples;;;;;
Guarabira;Rua Maria Nanci de Pontes Pereira;58201-590;Osmar de Aquino;Simples;;;;;
Guarabira;Rua Maria Neuza Cavalcante da Costa;58200-284;Bela Vista;Simples;;;;;
Guarabira;Rua Maria Ricarda Silva;58201-020;Dona Adália;Simples;;;;;
Guarabira;Rua Maria Rodrigues Alves;58200-774;Alto da Boa Vista;Simples;;;;;
Guarabira;Rua Maria Severina da Conceição;58201-165;Primavera;Simples;;;;;
Guarabira;Rua Maria Soares de Lima;58201-380;Rosário;Simples;;;;;
Guarabira;Rua Marina Messias Henrique;58203-066;Lucas Porpino;Simples;;;;;
Guarabira;Rua Mario Barbosa de Lucena;58200-615;Sol Nascente;Simples;;;;;
Guarabira;Rua Mariosvaldo Serrano de Andrade;58203-070;Lucas Porpino;Simples;;;;;
Guarabira;Rua Marisa Rodrigues de Bulhões;58201-216;Primavera;Simples;;;;;
Guarabira;Rua Mariza de Souza Araujo;58203-677;Residencial Jáder Pimentel;Simples;;;;;
Guarabira;Rua Matilde Marques Leite;58201-702;Mutirão;Simples;;;;;
Guarabira;Rua Menino Jesus de Praga;58200-348;Cordeiro;Simples;;;;;
Guarabira;Rua México;58204-618;Nações;Simples;;;;;
Guarabira;Rua Milton de Moura Resende;58201-022;Dona Adália;Simples;;;;;
Guarabira;Rua Nadedja Cristianne P. dos Santos;58200-609;Sol Nascente;Simples;;;;;
Guarabira;Rua Nalva Leite da Silva;58200-460;Novo;Simples;;;;;
Guarabira;Rua Napoleão Laureano;58200-110;Centro;Seccionamento;1;219;I;A;
Guarabira;Rua Napoleão Laureano;58200-404;Novo;Seccionamento;220;9999;F;A;
Guarabira;Rua Neuza Pontes dos Santos;58203-042;Clóvis Bezerra;Simples;;;;;
Guarabira;Rua Nicarágua;58204-654;Nações;Simples;;;;;
Guarabira;Rua Nicolau da Costa Diniz;58200-204;Santa Terezinha;Simples;;;;;
Guarabira;Rua Nilo Pequeno de Moura;58200-434;Novo;Simples;;;;;
Guarabira;Rua Nilson Epaminondas de Almeida;58201-126;Primavera;Simples;;;;;
Guarabira;Rua Nossa Senhora da Luz;58200-012;Centro;Simples;;;;;
Guarabira;Rua Nossa Senhora de Guadalupe;58203-544;Nordeste I;Simples;;;;;
Guarabira;Rua Odilon Joaquim da Costa;58201-585;Osmar de Aquino;Simples;;;;;
Guarabira;Rua Odilon Pequeno;58203-142;Assis Chateaubriand;Simples;;;;;
Guarabira;Rua Odon Bezerra;58203-178;Assis Chateaubriand;Simples;;;;;
Guarabira;Rua Oliveiro Cosmo;58200-636;Sol Nascente;Simples;;;;;
Guarabira;Rua Olívio Montenegro;58203-010;Clotilde Coutinho;Simples;;;;;
Guarabira;Rua Orlando Rodrigues da Silva;58201-002;Dona Adália;Simples;;;;;
Guarabira;Rua Oscar Meneses de Freitas;58200-090;Centro;Simples;;;;;
Guarabira;Rua Oseas Amaral;58200-340;Cordeiro;Simples;;;;;
Guarabira;Rua Oseas Gomes;58200-118;Centro;Simples;;;;;
Guarabira;Rua Oseas Henriques de Bulhões;58201-198;Primavera;Simples;;;;;
Guarabira;Rua Osmar Rodrigues da Silva;58200-366;Cordeiro;Simples;;;;;
Guarabira;Rua Osorio de Aquino;58200-040;Centro;Simples;;;;;
Guarabira;Rua Osorio Nobrega de Oliveira;58200-768;Alto da Boa Vista;Simples;;;;;
Guarabira;Rua Osvaldo Azevedo;58203-186;Assis Chateaubriand;Simples;;;;;
Guarabira;Rua Osvaldo Cruz;58203-182;Assis Chateaubriand;Simples;;;;;
Guarabira;Rua Osvaldo Soares;58203-532;Nordeste I;Simples;;;;;
Guarabira;Rua Padre Geraldo da Silva Pinto;58201-159;Primavera;Simples;;;;;
Guarabira;Rua Padre Hidelbrando Marques;58200-438;Novo;Simples;;;;;
Guarabira;Rua Padre Ibiapina;58200-015;Centro;Simples;;;;;
Guarabira;Rua Padre Ibiapina;58204-680;Nossa Senhora Aparecida;Simples;;;;;
Guarabira;Rua Padre Sampaio;58200-014;Centro;Simples;;;;;
Guarabira;Rua Panamá;58204-624;Nações;Simples;;;;;
Guarabira;Rua Paraguai;58204-642;Nações;Simples;;;;;
Guarabira;Rua Paraná;58204-612;Nações;Simples;;;;;
Guarabira;Rua Pastor Antônio Vicente de Oliveira;58200-618;Sol Nascente;Simples;;;;;
Guarabira;Rua Pastor Severino Tavares;58201-422;Areia Branca;Simples;;;;;
Guarabira;Rua Paulina Alves Frazao;58203-140;Assis Chateaubriand;Simples;;;;;
Guarabira;Rua Paulino Pinto;58203-538;Nordeste I;Simples;;;;;
Guarabira;Rua Paulo Gomes Bezerra;58203-472;Hidelbrando Matias;Simples;;;;;
Guarabira;Rua Paulo Jeremias Cavalcante;58200-750;Alto da Boa Vista;Simples;;;;;
Guarabira;Rua Pedro Alverga Gomes;58200-276;Juá;Simples;;;;;
Guarabira;Rua Pedro Alves de Andrade;58203-209;São José;Simples;;;;;
Guarabira;Rua Pedro Américo;58203-000;Clotilde Coutinho;Simples;;;;;
Guarabira;Rua Pedro Clementino de Sousa;58201-717;Mutirão;Simples;;;;;
Guarabira;Rua Pedro Clementino de Souza;58203-598;Nordeste I;Simples;;;;;
Guarabira;Rua Pedro Francelino;58203-520;Nordeste I;Simples;;;;;
Guarabira;Rua Pedro Gomes Procópio;58204-615;Nações;Simples;;;;;
Guarabira;Rua Pedro Nolasco de Menezes Filho;58200-752;Alto da Boa Vista;Simples;;;;;
Guarabira;Rua Pedro Rafael Pontes;58201-597;Osmar de Aquino;Simples;;;;;
Guarabira;Rua Pedro Rodrigues da Silva;58201-213;Primavera;Simples;;;;;
Guarabira;Rua Pedro Simeão Regis;58203-568;Nordeste I;Simples;;;;;
Guarabira;Rua Pedro Vasconcelos Curimam;58203-330;Esplanada da Estação;Simples;;;;;
Guarabira;Rua Peru;58204-645;Nações;Simples;;;;;
Guarabira;Rua Prefeito Manoel Lordão;58200-028;Centro;Seccionamento;1;198;I;A;
Guarabira;Rua Prefeito Manoel Lordão;58203-340;Nordeste II;Seccionamento;199;9999;F;A;
Guarabira;Rua Prefeito Manoel Simões;58200-046;Centro;Simples;;;;;
Guarabira;Rua Presbítero Arnoud Guilhermino de Macedo;58200-591;Sol Nascente;Simples;;;;;
Guarabira;Rua Presbítero Valdomiro Francisco Soares;58200-582;Sol Nascente;Simples;;;;;
Guarabira;Rua Presidente Castelo Branco;58203-242;São José;Simples;;;;;
Guarabira;Rua Professor Alcides Lima;58203-144;Assis Chateaubriand;Simples;;;;;
Guarabira;Rua Professor Antônio Benvindo;58200-174;Santa Terezinha;Simples;;;;;
Guarabira;Rua Professor Edgardo Júlio;58203-328;Esplanada da Estação;Simples;;;;;
Guarabira;Rua Professor Euzébio Pereira do Nascimento;58200-606;Sol Nascente;Simples;;;;;
Guarabira;Rua Professor João Epifânio da Costa;58200-246;Juá;Simples;;;;;
Guarabira;Rua Professor Jorge Maranhão;58201-386;Rosário;Simples;;;;;
Guarabira;Rua Professor José Ailton da Silva Felix;58200-654;Sol Nascente;Simples;;;;;
Guarabira;Rua Professor Luciano Alves Dantas;58203-412;Nordeste II;Simples;;;;;
Guarabira;Rua Professor Mariana Marques Leite;58200-776;Alto da Boa Vista;Simples;;;;;
Guarabira;Rua Professor Osvaldo de Miranda Pereira;58201-575;Osmar de Aquino;Simples;;;;;
Guarabira;Rua Professora Giselda Maria Coelho da Silva;58201-345;João Cassimiro;Simples;;;;;
Guarabira;Rua Professora Maria Cecy Cesar Oliveira;58200-224;Santa Terezinha;Simples;;;;;
Guarabira;Rua Professora Maria Ivanilda da Silva;58201-370;Rosário;Simples;;;;;
Guarabira;Rua Professora Zenaide;58203-541;Nordeste I;Simples;;;;;
Guarabira;Rua Quintino Bocaiuva;58200-092;Centro;Simples;;;;;
Guarabira;Rua Radialista Edmilson da Silva Galdino;58201-583;Osmar de Aquino;Simples;;;;;
Guarabira;Rua Rafael Merreiro da Silva;58201-728;Mutirão;Simples;;;;;
Guarabira;Rua Raul Barbosa;58200-603;Sol Nascente;Simples;;;;;
Guarabira;Rua Raul Gomes da Costa;58203-571;Nordeste I;Simples;;;;;
Guarabira;Rua Rayssa Marinho Roque;58201-591;Osmar de Aquino;Simples;;;;;
Guarabira;Rua Reginaldo Claudino do Nascimento;58200-368;Cordeiro;Simples;;;;;
Guarabira;Rua Renato José de Sousa;58203-656;Residencial Jáder Pimentel;Simples;;;;;
Guarabira;Rua Rita Maria da Conceição;58201-150;Primavera;Simples;;;;;
Guarabira;Rua Rodrigues de Carvalho;58203-164;Assis Chateaubriand;Simples;;;;;
Guarabira;Rua Ronaldo Pinheiro de Brito;58200-780;Alto da Boa Vista;Simples;;;;;
Guarabira;Rua Rosa Basílio Alves;58201-592;Osmar de Aquino;Simples;;;;;
Guarabira;Rua Rosemiro Luiz de Souza;58203-263;São José;Simples;;;;;
Guarabira;Rua Rosil Guedes;58203-356;Nordeste II;Seccionamento;1;9999;T;A;
Guarabira;Rua Rosil Guedes;58203-556;Nordeste I;Seccionamento;1;9999;T;A;
Guarabira;Rua Rubens Cordeiro Ferreira Filho;58200-770;Alto da Boa Vista;Simples;;;;;
Guarabira;Rua Rubens Pereira Coelho Neto;58203-683;Residencial Jáder Pimentel;Simples;;;;;
Guarabira;Rua Rufino Felix dos Santos;58203-170;Assis Chateaubriand;Simples;;;;;
Guarabira;Rua Rui Ribeiro Mendes;58204-688;Nossa Senhora Aparecida;Simples;;;;;
Guarabira;Rua Ruy de Freitas Albuquerque;58203-336;Esplanada da Estação;Simples;;;;;
Guarabira;Rua Santa Amaral;58203-038;Clóvis Bezerra;Simples;;;;;
Guarabira;Rua Santa Isabel;58203-613;Nordeste I;Seccionamento;1;9999;F;I;
Guarabira;Rua Santa Isabel;58204-600;Nações;Seccionamento;2;9998;F;P;
Guarabira;Rua Santa Julia;58200-208;Santa Terezinha;Simples;;;;;
Guarabira;Rua São Francisco;58203-595;Nordeste I;Simples;;;;;
Guarabira;Rua São João;58203-553;Nordeste I;Simples;;;;;
Guarabira;Rua São Luiz;58203-266;São José;Simples;;;;;
Guarabira;Rua São Manoel;58200-022;Centro;Seccionamento;1;219;I;A;
Guarabira;Rua São Manoel;58200-320;Cordeiro;Seccionamento;220;9999;F;A;
Guarabira;Rua São Pedro;58203-607;Nordeste I;Simples;;;;;
Guarabira;Rua São Rafael;58203-604;Nordeste I;Simples;;;;;
Guarabira;Rua São Severino;58203-254;São José;Simples;;;;;
Guarabira;Rua São Tome;58203-586;Nordeste I;Simples;;;;;
Guarabira;Rua São Vicente;58201-398;Rosário;Simples;;;;;
Guarabira;Rua Sebastiao Araújo;58203-154;Assis Chateaubriand;Simples;;;;;
Guarabira;Rua Sebastiao Duarte;58203-160;Assis Chateaubriand;Simples;;;;;
Guarabira;Rua Sebastiao Rodrigues Bastos;58201-222;Primavera;Simples;;;;;
Guarabira;Rua Senhor Jesus;58201-586;Osmar de Aquino;Simples;;;;;
Guarabira;Rua Severina Alves dos Santos;58203-680;Residencial Jáder Pimentel;Simples;;;;;
Guarabira;Rua Severina Sales de Souza;58204-660;Monte das Oliveiras;Simples;;;;;
Guarabira;Rua Severina Victor;58203-272;São José;Simples;;;;;
Guarabira;Rua Severino Alves de Brito;58200-188;Santa Terezinha;Simples;;;;;
Guarabira;Rua Severino Damiao Sobrinho;58200-242;Juá;Simples;;;;;
Guarabira;Rua Severino Felix;58201-724;Mutirão;Simples;;;;;
Guarabira;Rua Severino Geroncio Brito;58200-382;Novo;Simples;;;;;
Guarabira;Rua Severino Henrique de Bulhões;58201-195;Primavera;Simples;;;;;
Guarabira;Rua Severino Martins de Lima;58201-365;Rosário;Simples;;;;;
Guarabira;Rua Severino Paiva Resende;58203-559;Nordeste I;Simples;;;;;
Guarabira;Rua Severino Pedro dos Santos;58200-248;Juá;Simples;;;;;
Guarabira;Rua Severino Porpino da Silva;58203-368;Nordeste II;Simples;;;;;
Guarabira;Rua Siqueira Campos;58203-325;Esplanada da Estação;Simples;;;;;
Guarabira;Rua Soldado Manoel Paulino;58201-364;Rosário;Simples;;;;;
Guarabira;Rua Sólon de Lucena;58200-056;Centro;Simples;;;;;
Guarabira;Rua Stanislau Ventura;58200-210;Santa Terezinha;Simples;;;;;
Guarabira;Rua Suellyngton Mauricio da Silva;58200-216;Santa Terezinha;Simples;;;;;
Guarabira;Rua Talvaci Teixeira de Souza;58201-348;João Cassimiro;Simples;;;;;
Guarabira;Rua Tancredo Neves;58203-168;Assis Chateaubriand;Simples;;;;;
Guarabira;Rua Taxista Manoel Macena;58203-671;Residencial Jáder Pimentel;Simples;;;;;
Guarabira;Rua Telci Teixeira de Souza;58204-670;Monte das Oliveiras;Simples;;;;;
Guarabira;Rua Teresa Coutinho da Silva;58200-462;Novo;Simples;;;;;
Guarabira;Rua Teresinha Henrique de Bulhões;58201-177;Primavera;Simples;;;;;
Guarabira;Rua Toto Matias;58203-022;Clóvis Bezerra;Simples;;;;;
Guarabira;Rua Tranquilino Xavier da Costa;58203-348;Nordeste II;Simples;;;;;
Guarabira;Rua Três de Maio;58200-058;Centro;Simples;;;;;
Guarabira;Rua Uilson Xavier Domingos;58201-856;Distrito Industrial;Simples;;;;;
Guarabira;Rua Ulisses Estanislau de Lucena;58200-426;Novo;Simples;;;;;
Guarabira;Rua Ulisses Menezes de Freitas;58200-424;Novo;Simples;;;;;
Guarabira;Rua Uruguai;58204-639;Nações;Simples;;;;;
Guarabira;Rua Venezuela;58204-651;Nações;Simples;;;;;
Guarabira;Rua Vereador Severino Bezerra;58200-262;Juá;Simples;;;;;
Guarabira;Rua Vespaziano Henrique de Bulhões;58201-210;Primavera;Simples;;;;;
Guarabira;Rua Vicente Cardoso dos Santos;58201-121;Primavera;Simples;;;;;
Guarabira;Rua Virgílio Prazeres;58201-730;Mutirão;Simples;;;;;
Guarabira;Rua Vital Farias;58203-384;Nordeste II;Simples;;;;;
Guarabira;Rua Wildes Saraiva Gomes;58200-166;Santa Terezinha;Simples;;;;;
Guarabira;Rua Wildes Saraiva Gomes Filho;58200-218;Santa Terezinha;Simples;;;;;
Guarabira;Rua XV de Novembro;58200-098;Centro;Simples;;;;;
Guarabira;Rua Zacarias Genoíno dos Santos;58203-610;Nordeste I;Simples;;;;;
Guarabira;Rua Zenóbio Toscano;58203-370;Nordeste II;Simples;;;;;
Guarabira;Rua Zequinha Uchoa;58203-020;Clóvis Bezerra;Simples;;;;;
Guarabira;Rua Zuca Alcântara;58200-194;Santa Terezinha;Simples;;;;;
Guarabira;Travessa Adauto Eugenio;58204-606;Nações;Simples;;;;;
Guarabira;Travessa Antônio de Freitas Albuquerque;58200-192;Santa Terezinha;Simples;;;;;
Guarabira;Travessa Artur Pontes da Silva;58203-257;São José;Simples;;;;;
Guarabira;Travessa Benjamim Constant;58200-180;Santa Terezinha;Simples;;;;;
Guarabira;Travessa Colômbia 2;58204-609;Nações;Simples;;;;;
Guarabira;Travessa Colômbia 3;58204-603;Nações;Simples;;;;;
Guarabira;Travessa Delfino Cosme;58203-526;Nordeste I;Simples;;;;;
Guarabira;Travessa Ernestina Bezerra de Carvalho;58200-298;Bela Vista;Simples;;;;;
Guarabira;Travessa Estudante Paulo Roberto Barbosa Silveira;58203-046;Clóvis Bezerra;Simples;;;;;
Guarabira;Travessa Filomena Cavalcante;58201-396;Rosário;Simples;;;;;
Guarabira;Travessa Frei Damiao de Bozzano;58203-302;São José;Simples;;;;;
Guarabira;Travessa Genival Braga Silva;58203-310;Esplanada da Estação;Simples;;;;;
Guarabira;Travessa Geraldo Barbosa da Silva;58203-172;Assis Chateaubriand;Simples;;;;;
Guarabira;Travessa Isabel dos Anjos;58201-392;Rosário;Simples;;;;;
Guarabira;Travessa João Alves de Oliveira;58200-344;Cordeiro;Simples;;;;;
Guarabira;Travessa Joel Fonseca;58200-026;Centro;Simples;;;;;
Guarabira;Travessa José Americo;58203-550;Nordeste I;Simples;;;;;
Guarabira;Travessa José Americo de Almeida;58203-392;Nordeste II;Simples;;;;;
Guarabira;Travessa José Américo de Almeida;58203-499;Nordeste I;Simples;;;;;
Guarabira;Travessa José Henrique de Bulhões;58201-183;Primavera;Simples;;;;;
Guarabira;Travessa José Luís de Souza;58200-760;Alto da Boa Vista;Simples;;;;;
Guarabira;Travessa Lima e Moura;58200-021;Centro;Simples;;;;;
Guarabira;Travessa Maria de Fatima Andrade dos Santos;58203-502;Nordeste I;Simples;;;;;
Guarabira;Travessa Maria Neuza Cavalcante da Costa;58200-288;Bela Vista;Simples;;;;;
Guarabira;Travessa Maria Soares de Lima;58201-390;Rosário;Simples;;;;;
Guarabira;Travessa Menino Jesus de Praga;58200-352;Cordeiro;Simples;;;;;
Guarabira;Travessa Nilson Epaminondas de Almeida;58201-129;Primavera;Simples;;;;;
Guarabira;Travessa Otacílio Lira Cabral;58203-206;São José;Simples;;;;;
Guarabira;Travessa Paulino Pinto;58203-547;Nordeste I;Simples;;;;;
Guarabira;Travessa Professor Jorge Maranhão;58201-394;Rosário;Simples;;;;;
Guarabira;Travessa Professor Mariana Marques Leite;58200-782;Alto da Boa Vista;Simples;;;;;
Guarabira;Travessa Sabiniano Maia;58200-020;Centro;Simples;;;;;
Guarabira;Travessa Santo Antônio;58200-212;Santa Terezinha;Simples;;;;;
Guarabira;Travessa São Geraldo;58203-248;São José;Simples;;;;;
Guarabira;Travessa São Manoel;58200-306;Bela Vista;Simples;;;;;
Guarabira;Travessa Wildes Saraiva Gomes;58200-168;Santa Terezinha;Simples;;;;;
Guarabira;Vila Camilo de Holanda;58200-176;Santa Terezinha;Simples;;;;;
Guarabira;Vila Deodato;58200-384;Novo;Simples;;;;;
Guarabira;Vila Severino Alves de Brito;58200-190;Santa Terezinha;Simples;;;;;
;;;;;;;;;
;;;;;;;;;
